language,problem_number,difficulty,suggestion,result,output,test_case_text,message,accuracy
en,099_A,A,0,1,"ABC
","ABC
",
en,099_A,A,0,1,"ABD
","ABD
",
en,099_A,A,0,1,"ABC
","ABC
",
en,099_A,A,0,1,"ABC
","ABC
",
en,099_A,A,0,1,"ABD
","ABD
",
en,099_A,A,0,1,"ABD
","ABD
",
en,099_A,A,0,1,"ABC
","ABC
",
en,099_A,A,0,1,"ABD
","ABD
",
en,099_A,A,0,1,"ABD
","ABD
",,1.0
en,099_A,A,1,1,"ABC
","ABC
",
en,099_A,A,1,1,"ABD
","ABD
",
en,099_A,A,1,1,"ABC
","ABC
",
en,099_A,A,1,1,"ABC
","ABC
",
en,099_A,A,1,1,"ABD
","ABD
",
en,099_A,A,1,1,"ABD
","ABD
",
en,099_A,A,1,1,"ABC
","ABC
",
en,099_A,A,1,1,"ABD
","ABD
",
en,099_A,A,1,1,"ABD
","ABD
",,1.0
en,099_A,A,2,1,"ABC
","ABC
",
en,099_A,A,2,1,"ABD
","ABD
",
en,099_A,A,2,1,"ABC
","ABC
",
en,099_A,A,2,1,"ABC
","ABC
",
en,099_A,A,2,1,"ABD
","ABD
",
en,099_A,A,2,1,"ABD
","ABD
",
en,099_A,A,2,1,"ABC
","ABC
",
en,099_A,A,2,1,"ABD
","ABD
",
en,099_A,A,2,1,"ABD
","ABD
",,1.0
en,099_A,A,3,1,"ABC
","ABC
",
en,099_A,A,3,1,"ABD
","ABD
",
en,099_A,A,3,1,"ABC
","ABC
",
en,099_A,A,3,1,"ABC
","ABC
",
en,099_A,A,3,1,"ABD
","ABD
",
en,099_A,A,3,1,"ABD
","ABD
",
en,099_A,A,3,1,"ABC
","ABC
",
en,099_A,A,3,1,"ABD
","ABD
",
en,099_A,A,3,1,"ABD
","ABD
",,1.0
en,099_A,A,4,1,"ABC
","ABC
",
en,099_A,A,4,1,"ABD
","ABD
",
en,099_A,A,4,1,"ABC
","ABC
",
en,099_A,A,4,1,"ABC
","ABC
",
en,099_A,A,4,1,"ABD
","ABD
",
en,099_A,A,4,1,"ABD
","ABD
",
en,099_A,A,4,1,"ABC
","ABC
",
en,099_A,A,4,1,"ABD
","ABD
",
en,099_A,A,4,1,"ABD
","ABD
",,1.0
en,099_A,A,5,1,"ABC
","ABC
",
en,099_A,A,5,1,"ABD
","ABD
",
en,099_A,A,5,1,"ABC
","ABC
",
en,099_A,A,5,1,"ABC
","ABC
",
en,099_A,A,5,1,"ABD
","ABD
",
en,099_A,A,5,1,"ABD
","ABD
",
en,099_A,A,5,1,"ABC
","ABC
",
en,099_A,A,5,1,"ABD
","ABD
",
en,099_A,A,5,1,"ABD
","ABD
",,1.0
en,099_A,A,6,1,"ABC
","ABC
",
en,099_A,A,6,1,"ABD
","ABD
",
en,099_A,A,6,1,"ABC
","ABC
",
en,099_A,A,6,1,"ABC
","ABC
",
en,099_A,A,6,1,"ABD
","ABD
",
en,099_A,A,6,1,"ABD
","ABD
",
en,099_A,A,6,1,"ABC
","ABC
",
en,099_A,A,6,1,"ABD
","ABD
",
en,099_A,A,6,1,"ABD
","ABD
",,1.0
en,099_A,A,7,0,,"ABC
","Traceback (most recent call last):
  File ""/Users/keikoyanagi/Desktop/comment_recommendation/script/mod_gen/1_time/en/099_A/7.py"", line 8, in <module>
    label_round()
TypeError: label_round() missing 1 required positional argument: 'n'
"
en,099_A,A,7,0,,"ABD
","Traceback (most recent call last):
  File ""/Users/keikoyanagi/Desktop/comment_recommendation/script/mod_gen/1_time/en/099_A/7.py"", line 8, in <module>
    label_round()
TypeError: label_round() missing 1 required positional argument: 'n'
"
en,099_A,A,7,0,,"ABC
","Traceback (most recent call last):
  File ""/Users/keikoyanagi/Desktop/comment_recommendation/script/mod_gen/1_time/en/099_A/7.py"", line 8, in <module>
    label_round()
TypeError: label_round() missing 1 required positional argument: 'n'
"
en,099_A,A,7,0,,"ABC
","Traceback (most recent call last):
  File ""/Users/keikoyanagi/Desktop/comment_recommendation/script/mod_gen/1_time/en/099_A/7.py"", line 8, in <module>
    label_round()
TypeError: label_round() missing 1 required positional argument: 'n'
"
en,099_A,A,7,0,,"ABD
","Traceback (most recent call last):
  File ""/Users/keikoyanagi/Desktop/comment_recommendation/script/mod_gen/1_time/en/099_A/7.py"", line 8, in <module>
    label_round()
TypeError: label_round() missing 1 required positional argument: 'n'
"
en,099_A,A,7,0,,"ABD
","Traceback (most recent call last):
  File ""/Users/keikoyanagi/Desktop/comment_recommendation/script/mod_gen/1_time/en/099_A/7.py"", line 8, in <module>
    label_round()
TypeError: label_round() missing 1 required positional argument: 'n'
"
en,099_A,A,7,0,,"ABC
","Traceback (most recent call last):
  File ""/Users/keikoyanagi/Desktop/comment_recommendation/script/mod_gen/1_time/en/099_A/7.py"", line 8, in <module>
    label_round()
TypeError: label_round() missing 1 required positional argument: 'n'
"
en,099_A,A,7,0,,"ABD
","Traceback (most recent call last):
  File ""/Users/keikoyanagi/Desktop/comment_recommendation/script/mod_gen/1_time/en/099_A/7.py"", line 8, in <module>
    label_round()
TypeError: label_round() missing 1 required positional argument: 'n'
"
en,099_A,A,7,0,,"ABD
","Traceback (most recent call last):
  File ""/Users/keikoyanagi/Desktop/comment_recommendation/script/mod_gen/1_time/en/099_A/7.py"", line 8, in <module>
    label_round()
TypeError: label_round() missing 1 required positional argument: 'n'
",0.0
